category_slug,position_slug,label,imageUrl,flags,notes
tshirts,left-chest,Left Chest,https://api.brandeduk.com/uploads/customization/tshirts-short-sleeve-1789838196342-uqr63pcl.webp,opaque_filename,no_position_tokens_in_filename file=tshirts-short-sleeve-1789838196342-uqr63pcl.webp
tshirts,right-chest,Right Chest,https://api.brandeduk.com/uploads/customization/tshirts-short-sleeve-1789838197286-flt1pb68.webp,opaque_filename,no_position_tokens_in_filename file=tshirts-short-sleeve-1789838197286-flt1pb68.webp
tshirts,centre-chest,Centre Chest,https://api.brandeduk.com/uploads/customization/tshirts-short-sleeve-1789838198245-2r8ie2l1.webp,opaque_filename,no_position_tokens_in_filename file=tshirts-short-sleeve-1789838198245-2r8ie2l1.webp
tshirts,large-front,Large Front,https://api.brandeduk.com/uploads/customization/tshirts-short-sleeve-1789838199178-7x7141l7.webp,opaque_filename,no_position_tokens_in_filename file=tshirts-short-sleeve-1789838199178-7x7141l7.webp
tshirts,upper-back,Upper Back,https://api.brandeduk.com/uploads/customization/tshirts-short-sleeve-1789838200299-wsvadf7c.webp,opaque_filename,no_position_tokens_in_filename file=tshirts-short-sleeve-1789838200299-wsvadf7c.webp
tshirts,large-back,Large Back,https://api.brandeduk.com/uploads/customization/tshirts-short-sleeve-1789838201277-bet9xldp.webp,opaque_filename,no_position_tokens_in_filename file=tshirts-short-sleeve-1789838201277-bet9xldp.webp
tshirts,left-sleeve,Left Sleeve,https://api.brandeduk.com/uploads/customization/tshirts-short-sleeve-1789838202205-39mvvi2g.webp,opaque_filename,no_position_tokens_in_filename file=tshirts-short-sleeve-1789838202205-39mvvi2g.webp
tshirts,right-sleeve,Right Sleeve,https://api.brandeduk.com/uploads/customization/tshirts-short-sleeve-1789838203135-iks0dsxk.webp,opaque_filename,no_position_tokens_in_filename file=tshirts-short-sleeve-1789838203135-iks0dsxk.webp
tshirts,nape-of-neck,Nape of Neck,https://api.brandeduk.com/uploads/customization/tshirts-short-sleeve-1789838204159-y5im0yfa.webp,opaque_filename,no_position_tokens_in_filename file=tshirts-short-sleeve-1789838204159-y5im0yfa.webp
shirts,left-chest,Left Chest,https://api.brandeduk.com/uploads/customization/shirts-short-sleeve-1789838348856-ihemto8r.webp,opaque_filename,no_position_tokens_in_filename file=shirts-short-sleeve-1789838348856-ihemto8r.webp
shirts,right-chest,Right Chest,https://api.brandeduk.com/uploads/customization/shirts-short-sleeve-1789838349782-wt737vmu.webp,opaque_filename,no_position_tokens_in_filename file=shirts-short-sleeve-1789838349782-wt737vmu.webp
shirts,centre-chest,Centre Chest,https://api.brandeduk.com/uploads/customization/shirts-short-sleeve-1789838350744-hjmxh41k.webp,opaque_filename,no_position_tokens_in_filename file=shirts-short-sleeve-1789838350744-hjmxh41k.webp
shirts,upper-back,Upper Back,https://api.brandeduk.com/uploads/customization/shirts-short-sleeve-1789838351670-vgfi9wix.webp,opaque_filename,no_position_tokens_in_filename file=shirts-short-sleeve-1789838351670-vgfi9wix.webp
shirts,large-back,Large Back,https://api.brandeduk.com/uploads/customization/shirts-short-sleeve-1789838352589-cdzqjv3z.webp,opaque_filename,no_position_tokens_in_filename file=shirts-short-sleeve-1789838352589-cdzqjv3z.webp
shirts,left-sleeve,Left Sleeve,https://api.brandeduk.com/uploads/customization/shirts-short-sleeve-1789838353522-fvuz5lnz.webp,opaque_filename,no_position_tokens_in_filename file=shirts-short-sleeve-1789838353522-fvuz5lnz.webp
shirts,right-sleeve,Right Sleeve,https://api.brandeduk.com/uploads/customization/shirts-short-sleeve-1789838354457-yle90k3j.webp,opaque_filename,no_position_tokens_in_filename file=shirts-short-sleeve-1789838354457-yle90k3j.webp
shirts,nape-of-neck,Nape of Neck,https://api.brandeduk.com/uploads/customization/shirts-short-sleeve-1789838355399-tgt954no.webp,opaque_filename,no_position_tokens_in_filename file=shirts-short-sleeve-1789838355399-tgt954no.webp
polos,left-chest,Left Chest,https://api.brandeduk.com/uploads/customization/polos-short-sleeve-1789838214586-djqva35z.webp,opaque_filename,no_position_tokens_in_filename file=polos-short-sleeve-1789838214586-djqva35z.webp
polos,right-chest,Right Chest,https://api.brandeduk.com/uploads/customization/polos-short-sleeve-1789838215517-d5bts7yh.webp,opaque_filename,no_position_tokens_in_filename file=polos-short-sleeve-1789838215517-d5bts7yh.webp
polos,centre-chest,Centre Chest,https://api.brandeduk.com/uploads/customization/polos-short-sleeve-1789838216449-v9m6o7cu.webp,opaque_filename,no_position_tokens_in_filename file=polos-short-sleeve-1789838216449-v9m6o7cu.webp
polos,large-front,Large Front,https://api.brandeduk.com/uploads/customization/polos-short-sleeve-1789838217380-gpkr2u41.webp,opaque_filename,no_position_tokens_in_filename file=polos-short-sleeve-1789838217380-gpkr2u41.webp
polos,upper-back,Upper Back,https://api.brandeduk.com/uploads/customization/polos-short-sleeve-1789838218432-fkakkwls.webp,opaque_filename,no_position_tokens_in_filename file=polos-short-sleeve-1789838218432-fkakkwls.webp
polos,large-back,Large Back,https://api.brandeduk.com/uploads/customization/polos-short-sleeve-1789838219374-8pmc1w5t.webp,opaque_filename,no_position_tokens_in_filename file=polos-short-sleeve-1789838219374-8pmc1w5t.webp
polos,left-sleeve,Left Sleeve,https://api.brandeduk.com/uploads/customization/polos-short-sleeve-1789838220299-ysnrrala.webp,opaque_filename|size_asymmetric_lr,no_position_tokens_in_filename file=polos-short-sleeve-1789838220299-ysnrrala.webp | cl=33460 vs right=92806 ratio=2.77
polos,right-sleeve,Right Sleeve,https://api.brandeduk.com/uploads/customization/polos-short-sleeve-1789838221708-ye81v0cp.webp,opaque_filename|size_asymmetric_lr,no_position_tokens_in_filename file=polos-short-sleeve-1789838221708-ye81v0cp.webp | cl=92806 vs left=33460 ratio=2.77
polos,nape-of-neck,Nape of Neck,https://api.brandeduk.com/uploads/customization/polos-short-sleeve-1789838222643-8invba3v.webp,opaque_filename,no_position_tokens_in_filename file=polos-short-sleeve-1789838222643-8invba3v.webp
hoodies,left-chest,Left Chest,https://api.brandeduk.com/uploads/customization/hoodies-pullover-1789838240713-gk22gmg8.webp,opaque_filename,no_position_tokens_in_filename file=hoodies-pullover-1789838240713-gk22gmg8.webp
hoodies,right-chest,Right Chest,https://api.brandeduk.com/uploads/customization/hoodies-pullover-1789838241642-q4ouykim.webp,opaque_filename,no_position_tokens_in_filename file=hoodies-pullover-1789838241642-q4ouykim.webp
hoodies,centre-chest,Centre Chest,https://api.brandeduk.com/uploads/customization/hoodies-pullover-1789838242661-euwzvzpk.webp,opaque_filename,no_position_tokens_in_filename file=hoodies-pullover-1789838242661-euwzvzpk.webp
hoodies,large-front,Large Front,https://api.brandeduk.com/uploads/customization/hoodies-pullover-1789838243620-88atyg5k.webp,opaque_filename,no_position_tokens_in_filename file=hoodies-pullover-1789838243620-88atyg5k.webp
hoodies,upper-back,Upper Back,https://api.brandeduk.com/uploads/customization/hoodies-pullover-1789838244654-kibuz1uz.webp,opaque_filename,no_position_tokens_in_filename file=hoodies-pullover-1789838244654-kibuz1uz.webp
hoodies,large-back,Large Back,https://api.brandeduk.com/uploads/customization/hoodies-pullover-1789838245610-5dvncsw1.webp,opaque_filename,no_position_tokens_in_filename file=hoodies-pullover-1789838245610-5dvncsw1.webp
hoodies,left-sleeve,Left Sleeve,https://api.brandeduk.com/uploads/customization/hoodies-pullover-1789838246574-4dmly1to.webp,opaque_filename|size_asymmetric_lr,no_position_tokens_in_filename file=hoodies-pullover-1789838246574-4dmly1to.webp | cl=91594 vs right=39214 ratio=2.34
hoodies,right-sleeve,Right Sleeve,https://api.brandeduk.com/uploads/customization/hoodies-pullover-1789838247507-cpr5pr8m.webp,opaque_filename|size_asymmetric_lr,no_position_tokens_in_filename file=hoodies-pullover-1789838247507-cpr5pr8m.webp | cl=39214 vs left=91594 ratio=2.34
sweatshirts,left-chest,Left Chest,https://api.brandeduk.com/uploads/customization/sweatshirts-crewneck-1789838232135-uqjymwjb.webp,opaque_filename,no_position_tokens_in_filename file=sweatshirts-crewneck-1789838232135-uqjymwjb.webp
sweatshirts,right-chest,Right Chest,https://api.brandeduk.com/uploads/customization/sweatshirts-crewneck-1789838233075-vfwdu6uy.webp,opaque_filename,no_position_tokens_in_filename file=sweatshirts-crewneck-1789838233075-vfwdu6uy.webp
sweatshirts,centre-chest,Centre Chest,https://api.brandeduk.com/uploads/customization/sweatshirts-crewneck-1789838234008-in90khyn.webp,opaque_filename,no_position_tokens_in_filename file=sweatshirts-crewneck-1789838234008-in90khyn.webp
sweatshirts,large-front,Large Front,https://api.brandeduk.com/uploads/customization/sweatshirts-crewneck-1789838235041-ekjuzco3.webp,opaque_filename,no_position_tokens_in_filename file=sweatshirts-crewneck-1789838235041-ekjuzco3.webp
sweatshirts,upper-back,Upper Back,https://api.brandeduk.com/uploads/customization/sweatshirts-crewneck-1789838235975-lhzbjlpb.webp,opaque_filename,no_position_tokens_in_filename file=sweatshirts-crewneck-1789838235975-lhzbjlpb.webp
sweatshirts,large-back,Large Back,https://api.brandeduk.com/uploads/customization/sweatshirts-crewneck-1789838236921-0tbetoh3.webp,opaque_filename,no_position_tokens_in_filename file=sweatshirts-crewneck-1789838236921-0tbetoh3.webp
sweatshirts,left-sleeve,Left Sleeve,https://api.brandeduk.com/uploads/customization/sweatshirts-crewneck-1789838237882-v4xksr8r.webp,opaque_filename,no_position_tokens_in_filename file=sweatshirts-crewneck-1789838237882-v4xksr8r.webp
sweatshirts,right-sleeve,Right Sleeve,https://api.brandeduk.com/uploads/customization/sweatshirts-crewneck-1789838238846-uunelt3g.webp,opaque_filename,no_position_tokens_in_filename file=sweatshirts-crewneck-1789838238846-uunelt3g.webp
sweatshirts,nape-of-neck,Nape of Neck,https://api.brandeduk.com/uploads/customization/sweatshirts-crewneck-1789838239782-51gq42yh.webp,opaque_filename,no_position_tokens_in_filename file=sweatshirts-crewneck-1789838239782-51gq42yh.webp
fleece,left-chest,Left Chest,https://api.brandeduk.com/uploads/customization/fleece-full-zip-1789838260679-ebd7tgxa.webp,opaque_filename,no_position_tokens_in_filename file=fleece-full-zip-1789838260679-ebd7tgxa.webp
fleece,right-chest,Right Chest,https://api.brandeduk.com/uploads/customization/fleece-full-zip-1789838261618-12g93acc.webp,opaque_filename,no_position_tokens_in_filename file=fleece-full-zip-1789838261618-12g93acc.webp
fleece,upper-back,Upper Back,https://api.brandeduk.com/uploads/customization/fleece-full-zip-1789838262555-bdny8en2.webp,opaque_filename,no_position_tokens_in_filename file=fleece-full-zip-1789838262555-bdny8en2.webp
fleece,large-back,Large Back,https://api.brandeduk.com/uploads/customization/fleece-full-zip-1789838263545-ze2etxjo.webp,opaque_filename,no_position_tokens_in_filename file=fleece-full-zip-1789838263545-ze2etxjo.webp
fleece,left-sleeve,Left Sleeve,https://api.brandeduk.com/uploads/customization/fleece-full-zip-1789838264527-cawctrjp.webp,opaque_filename,no_position_tokens_in_filename file=fleece-full-zip-1789838264527-cawctrjp.webp
fleece,right-sleeve,Right Sleeve,https://api.brandeduk.com/uploads/customization/fleece-full-zip-1789838265553-4c0n7m9u.webp,opaque_filename,no_position_tokens_in_filename file=fleece-full-zip-1789838265553-4c0n7m9u.webp
softshells,left-chest,Left Chest,https://api.brandeduk.com/uploads/customization/softshells-softshell-jacket-1789838273298-hjpfo3zl.webp,opaque_filename,no_position_tokens_in_filename file=softshells-softshell-jacket-1789838273298-hjpfo3zl.webp
softshells,right-chest,Right Chest,https://api.brandeduk.com/uploads/customization/softshells-softshell-jacket-1789838274259-ou7t3wva.webp,opaque_filename,no_position_tokens_in_filename file=softshells-softshell-jacket-1789838274259-ou7t3wva.webp
softshells,upper-back,Upper Back,https://api.brandeduk.com/uploads/customization/softshells-softshell-jacket-1789838275202-h94p94u0.webp,opaque_filename,no_position_tokens_in_filename file=softshells-softshell-jacket-1789838275202-h94p94u0.webp
softshells,large-back,Large Back,https://api.brandeduk.com/uploads/customization/softshells-softshell-jacket-1789838276132-32vpr8fh.webp,opaque_filename,no_position_tokens_in_filename file=softshells-softshell-jacket-1789838276132-32vpr8fh.webp
softshells,left-sleeve,Left Sleeve,https://api.brandeduk.com/uploads/customization/softshells-softshell-jacket-1789838277068-kzfhmhsa.webp,opaque_filename|size_asymmetric_lr,no_position_tokens_in_filename file=softshells-softshell-jacket-1789838277068-kzfhmhsa.webp | cl=52076 vs right=107164 ratio=2.06
softshells,right-sleeve,Right Sleeve,https://api.brandeduk.com/uploads/customization/softshells-softshell-jacket-1789838278074-a2lcnlxz.webp,opaque_filename|size_asymmetric_lr,no_position_tokens_in_filename file=softshells-softshell-jacket-1789838278074-a2lcnlxz.webp | cl=107164 vs left=52076 ratio=2.06
jackets,left-chest,Left Chest,https://api.brandeduk.com/uploads/customization/jackets-workwear-1789838296098-jvd6x8d6.webp,opaque_filename,no_position_tokens_in_filename file=jackets-workwear-1789838296098-jvd6x8d6.webp
jackets,right-chest,Right Chest,https://api.brandeduk.com/uploads/customization/jackets-workwear-1789838297024-nhflim0e.webp,opaque_filename,no_position_tokens_in_filename file=jackets-workwear-1789838297024-nhflim0e.webp
jackets,upper-back,Upper Back,https://api.brandeduk.com/uploads/customization/jackets-workwear-1789838297955-7h4cirsz.webp,opaque_filename,no_position_tokens_in_filename file=jackets-workwear-1789838297955-7h4cirsz.webp
jackets,large-back,Large Back,https://api.brandeduk.com/uploads/customization/jackets-workwear-1789838298888-p4ismj4t.webp,opaque_filename,no_position_tokens_in_filename file=jackets-workwear-1789838298888-p4ismj4t.webp
jackets,left-sleeve,Left Sleeve,https://api.brandeduk.com/uploads/customization/jackets-workwear-1789838299823-b94lnxjy.webp,opaque_filename,no_position_tokens_in_filename file=jackets-workwear-1789838299823-b94lnxjy.webp
jackets,right-sleeve,Right Sleeve,https://api.brandeduk.com/uploads/customization/jackets-workwear-1789838300752-cvfm94q5.webp,opaque_filename,no_position_tokens_in_filename file=jackets-workwear-1789838300752-cvfm94q5.webp
gilets-body-warmers,left-chest,Left Chest,https://api.brandeduk.com/uploads/customization/gilets-body-warmers-standard-1789838301679-ffnwixsj.webp,opaque_filename,no_position_tokens_in_filename file=gilets-body-warmers-standard-1789838301679-ffnwixsj.webp
gilets-body-warmers,right-chest,Right Chest,https://api.brandeduk.com/uploads/customization/gilets-body-warmers-standard-1789838302628-z8aotyvz.webp,opaque_filename,no_position_tokens_in_filename file=gilets-body-warmers-standard-1789838302628-z8aotyvz.webp
gilets-body-warmers,upper-back,Upper Back,https://api.brandeduk.com/uploads/customization/gilets-body-warmers-standard-1789838303558-8d38h97w.webp,opaque_filename,no_position_tokens_in_filename file=gilets-body-warmers-standard-1789838303558-8d38h97w.webp
gilets-body-warmers,large-back,Large Back,https://api.brandeduk.com/uploads/customization/gilets-body-warmers-standard-1789838304480-9y1n2ckq.webp,opaque_filename,no_position_tokens_in_filename file=gilets-body-warmers-standard-1789838304480-9y1n2ckq.webp
safety-vests,left-chest,Left Chest,https://api.brandeduk.com/uploads/customization/safety-vests-waistcoat-1789838309180-h5ktown2.webp,opaque_filename,no_position_tokens_in_filename file=safety-vests-waistcoat-1789838309180-h5ktown2.webp
safety-vests,right-chest,Right Chest,https://api.brandeduk.com/uploads/customization/safety-vests-waistcoat-1789838310128-a1xirkb5.webp,opaque_filename,no_position_tokens_in_filename file=safety-vests-waistcoat-1789838310128-a1xirkb5.webp
safety-vests,upper-back,Upper Back,https://api.brandeduk.com/uploads/customization/safety-vests-waistcoat-1789838311061-rko1t6kv.webp,opaque_filename,no_position_tokens_in_filename file=safety-vests-waistcoat-1789838311061-rko1t6kv.webp
safety-vests,lower-back,Lower Back,https://api.brandeduk.com/uploads/customization/safety-vests-waistcoat-1789838311994-bwbg9ajm.webp,opaque_filename,no_position_tokens_in_filename file=safety-vests-waistcoat-1789838311994-bwbg9ajm.webp
aprons,left-chest,Left Chest,https://api.brandeduk.com/uploads/customization/aprons-bib-1789838383339-nm4t7jh8.webp,opaque_filename,no_position_tokens_in_filename file=aprons-bib-1789838383339-nm4t7jh8.webp
aprons,right-chest,Right Chest,https://api.brandeduk.com/uploads/customization/aprons-bib-1789838384262-sc0yzxeo.webp,opaque_filename,no_position_tokens_in_filename file=aprons-bib-1789838384262-sc0yzxeo.webp
aprons,centre-chest,Centre Chest,https://api.brandeduk.com/uploads/customization/aprons-bib-1789838385189-5o5htrox.webp,opaque_filename,no_position_tokens_in_filename file=aprons-bib-1789838385189-5o5htrox.webp
aprons,large-front,Large Front,https://api.brandeduk.com/uploads/customization/aprons-bib-1789838386112-tdwza4e9.webp,opaque_filename,no_position_tokens_in_filename file=aprons-bib-1789838386112-tdwza4e9.webp
aprons,lower-front,Lower Front,https://api.brandeduk.com/uploads/customization/aprons-bib-1789838387036-ix50n63a.webp,opaque_filename,no_position_tokens_in_filename file=aprons-bib-1789838387036-ix50n63a.webp
bags,centre-front,Centre Front,https://api.brandeduk.com/uploads/customization/bags-tote-1789838417438-gicrwdaw.webp,opaque_filename,no_position_tokens_in_filename file=bags-tote-1789838417438-gicrwdaw.webp
bags,large-front,Large Front,https://api.brandeduk.com/uploads/customization/bags-tote-1789838418366-gihs591r.webp,opaque_filename,no_position_tokens_in_filename file=bags-tote-1789838418366-gihs591r.webp
bags,centre-back,Centre Back,https://api.brandeduk.com/uploads/customization/bags-tote-1789838419295-12d962bs.webp,opaque_filename,no_position_tokens_in_filename file=bags-tote-1789838419295-12d962bs.webp
bags,large-back,Large Back,https://api.brandeduk.com/uploads/customization/bags-tote-1789838420222-jx38945s.webp,opaque_filename,no_position_tokens_in_filename file=bags-tote-1789838420222-jx38945s.webp
caps,front-centre,Front Centre,https://api.brandeduk.com/uploads/customization/caps-baseball-1789838396326-jfltqflj.webp,opaque_filename,no_position_tokens_in_filename file=caps-baseball-1789838396326-jfltqflj.webp
caps,front-left,Front Left,https://api.brandeduk.com/uploads/customization/caps-baseball-1789838397280-o9dc5kr1.webp,opaque_filename,no_position_tokens_in_filename file=caps-baseball-1789838397280-o9dc5kr1.webp
caps,front-right,Front Right,https://api.brandeduk.com/uploads/customization/caps-baseball-1789838398233-8tdgl57p.webp,opaque_filename,no_position_tokens_in_filename file=caps-baseball-1789838398233-8tdgl57p.webp
caps,left-side,Left Side,https://api.brandeduk.com/uploads/customization/caps-baseball-1789838399168-4151vd0z.webp,opaque_filename,no_position_tokens_in_filename file=caps-baseball-1789838399168-4151vd0z.webp
caps,right-side,Right Side,https://api.brandeduk.com/uploads/customization/caps-baseball-1789838400102-aetz1lx6.webp,opaque_filename,no_position_tokens_in_filename file=caps-baseball-1789838400102-aetz1lx6.webp
caps,back,Back,https://api.brandeduk.com/uploads/customization/caps-baseball-1789838401057-ipjhbwgv.webp,opaque_filename,no_position_tokens_in_filename file=caps-baseball-1789838401057-ipjhbwgv.webp
hats,front-centre,Front Centre,https://api.brandeduk.com/uploads/customization/hats-bucket-1789838413669-63ocqv4i.webp,opaque_filename,no_position_tokens_in_filename file=hats-bucket-1789838413669-63ocqv4i.webp
hats,left-side,Left Side,https://api.brandeduk.com/uploads/customization/hats-bucket-1789838414618-ef1zbq5s.webp,opaque_filename,no_position_tokens_in_filename file=hats-bucket-1789838414618-ef1zbq5s.webp
hats,right-side,Right Side,https://api.brandeduk.com/uploads/customization/hats-bucket-1789838415559-9wzgg6eb.webp,opaque_filename,no_position_tokens_in_filename file=hats-bucket-1789838415559-9wzgg6eb.webp
hats,back,Back,https://api.brandeduk.com/uploads/customization/hats-bucket-1789838416505-elt08qas.webp,opaque_filename,no_position_tokens_in_filename file=hats-bucket-1789838416505-elt08qas.webp
beanies,front-centre,Front Centre,https://api.brandeduk.com/uploads/customization/beanies-cuffed-1789838407899-5ih3nlvg.webp,opaque_filename,no_position_tokens_in_filename file=beanies-cuffed-1789838407899-5ih3nlvg.webp
beanies,front-left,Front Left,https://api.brandeduk.com/uploads/customization/beanies-cuffed-1789838408850-g3veb5lb.webp,opaque_filename,no_position_tokens_in_filename file=beanies-cuffed-1789838408850-g3veb5lb.webp
beanies,front-right,Front Right,https://api.brandeduk.com/uploads/customization/beanies-cuffed-1789838409871-r6qwhaqf.webp,opaque_filename,no_position_tokens_in_filename file=beanies-cuffed-1789838409871-r6qwhaqf.webp
trousers,left-thigh,Left Thigh,https://api.brandeduk.com/uploads/customization/trousers-work-trousers-1789838448128-9ig93x5e.webp,opaque_filename,no_position_tokens_in_filename file=trousers-work-trousers-1789838448128-9ig93x5e.webp
trousers,right-thigh,Right Thigh,https://api.brandeduk.com/uploads/customization/trousers-work-trousers-1789838449056-akhzltd6.webp,opaque_filename,no_position_tokens_in_filename file=trousers-work-trousers-1789838449056-akhzltd6.webp
trousers,left-leg,Left Leg,https://api.brandeduk.com/uploads/customization/trousers-work-trousers-1789838449992-alhpmbcc.webp,opaque_filename,no_position_tokens_in_filename file=trousers-work-trousers-1789838449992-alhpmbcc.webp
trousers,right-leg,Right Leg,https://api.brandeduk.com/uploads/customization/trousers-work-trousers-1789838450935-lyckruv4.webp,opaque_filename,no_position_tokens_in_filename file=trousers-work-trousers-1789838450935-lyckruv4.webp
trousers,rear-pocket,Rear Pocket,https://api.brandeduk.com/uploads/customization/trousers-work-trousers-1789838451863-vmuqkv7k.webp,opaque_filename,no_position_tokens_in_filename file=trousers-work-trousers-1789838451863-vmuqkv7k.webp
shorts,left-thigh,Left Thigh,https://api.brandeduk.com/uploads/customization/shorts-shorts-1789838456596-if3dj4gi.webp,opaque_filename,no_position_tokens_in_filename file=shorts-shorts-1789838456596-if3dj4gi.webp
shorts,right-thigh,Right Thigh,https://api.brandeduk.com/uploads/customization/shorts-shorts-1789838457531-0rbkamuj.webp,opaque_filename,no_position_tokens_in_filename file=shorts-shorts-1789838457531-0rbkamuj.webp
shorts,left-leg,Left Leg,https://api.brandeduk.com/uploads/customization/shorts-shorts-1789838458482-4h3xfc7j.webp,opaque_filename,no_position_tokens_in_filename file=shorts-shorts-1789838458482-4h3xfc7j.webp
shorts,right-leg,Right Leg,https://api.brandeduk.com/uploads/customization/shorts-shorts-1789838459421-3lpnxrio.webp,opaque_filename,no_position_tokens_in_filename file=shorts-shorts-1789838459421-3lpnxrio.webp
sweatpants,left-thigh,Left Thigh,https://api.brandeduk.com/uploads/customization/sweatpants-joggers-1789838452865-i6b50ar1.webp,opaque_filename,no_position_tokens_in_filename file=sweatpants-joggers-1789838452865-i6b50ar1.webp
sweatpants,right-thigh,Right Thigh,https://api.brandeduk.com/uploads/customization/sweatpants-joggers-1789838453795-ku7xu5r4.webp,opaque_filename,no_position_tokens_in_filename file=sweatpants-joggers-1789838453795-ku7xu5r4.webp
sweatpants,left-leg,Left Leg,https://api.brandeduk.com/uploads/customization/sweatpants-joggers-1789838454724-jl2ai4vb.webp,opaque_filename,no_position_tokens_in_filename file=sweatpants-joggers-1789838454724-jl2ai4vb.webp
sweatpants,right-leg,Right Leg,https://api.brandeduk.com/uploads/customization/sweatpants-joggers-1789838455667-bad5wvx6.webp,opaque_filename,no_position_tokens_in_filename file=sweatpants-joggers-1789838455667-bad5wvx6.webp
